[{"name":"$cooldown","description":"Adds a command cooldown","brackets":true,"unwrap":false,"args":[{"name":"id","rest":false,"description":"The id to assign the cooldown to, can be anything","type":"String","required":true},{"name":"duration","description":"The duration of the cooldown","rest":false,"type":"Time","required":true},{"name":"code","description":"The code to execute if the cooldown is active","rest":false,"type":"String"}],"category":"unknown","version":"1.0.0"},{"name":"$dbVersion","description":"Returns the version of ForgeDB","unwrap":false,"category":"unknown","version":"1.0.0"},{"name":"$deleteCooldown","description":"Deletes cooldown of given id","brackets":true,"unwrap":true,"args":[{"name":"id","description":"The id to delete its cooldown","rest":false,"type":"String","required":true}],"category":"unknown","version":"1.0.0"},{"name":"$deleteVar","description":"Deletes a value from a variable","unwrap":true,"brackets":true,"args":[{"name":"name","description":"The name of the variable","rest":false,"type":"String","required":true},{"name":"id","description":"The identifier of the value (a user, guild, channel, message, etc)","rest":false,"type":"String","required":true}],"category":"unknown","version":"1.0.0"},{"name":"$getCooldownTime","description":"Retrieves current cooldown time in ms for given id","brackets":true,"unwrap":true,"args":[{"name":"id","description":"The id to get its cooldown","rest":false,"type":"String","required":true}],"category":"unknown","version":"1.0.0"},{"name":"$getDB","description":"Returns all the identifiers stored in the DB","unwrap":false,"category":"unknown","version":"1.0.0"},{"name":"$getLeaderboardValue","description":"Returns the position of a value in the leaderboard of a variable","unwrap":true,"args":[{"name":"name","description":"The name of the variable","rest":false,"type":"String","required":true},{"name":"id","description":"The identifier of the value (of a user, guild, channel, message, etc)","rest":false,"type":"String","required":true},{"name":"sort type","description":"The sort type for the leaderboard, either asc/0 (ascending) or desc/1 (descending)","rest":false,"type":"Enum","enum":["asc","desc"]}],"brackets":true,"category":"unknown","version":"1.0.0"},{"name":"$getVar","description":"Returns an identifier's value in a variable","unwrap":true,"args":[{"name":"name","description":"The name of the variable","rest":false,"type":"String","required":true},{"name":"id","description":"The identifier of the value (a user, guild, channel, message, etc)","rest":false,"type":"String","required":true},{"name":"default","description":"The default value if the identifier doesn't exist in the variable","rest":false,"required":false,"type":"String"}],"brackets":true,"category":"unknown","version":"1.0.0"},{"name":"$leaderboard","description":"Creates a leaderboard of identifiers in a variable","unwrap":false,"args":[{"name":"name","description":"The name of the variable","rest":false,"type":"String","required":true},{"name":"envValue","description":"The variable name to use for $env, retrieve the id with $env[<name>;id] and the value with $env[<name>;value]","rest":false,"required":true,"type":"String"},{"name":"envPosition","description":"The variable name to use for $env, retrieve the position with $env[<name>]","required":true,"rest":false,"type":"String"},{"name":"code","description":"Code to execute for each row, remember to use $return","rest":false,"type":"String","required":true},{"name":"sort type","description":"The sort type for the leaderboard, either asc (ascending) or desc (descending)","rest":false,"type":"Enum","enum":["asc","desc"]},{"name":"max","description":"The maximum number of rows per page","rest":false,"type":"Number"},{"name":"page","description":"The page number","rest":false,"type":"Number"},{"name":"separator","description":"The separator to use for each row","rest":false,"type":"String"}],"brackets":true,"category":"unknown","version":"1.0.0"},{"name":"$setVar","description":"Sets an identifier's value in a variable","unwrap":true,"args":[{"name":"name","description":"The name of the variable","rest":false,"type":"String","required":true},{"name":"id","description":"The identifier for the value (a user, guild, channel, message, etc)","rest":false,"type":"String","required":true},{"name":"value","description":"The value","rest":false,"required":true,"type":"String"}],"brackets":true,"category":"unknown","version":"1.0.0"}]